No,Genre,Title,Author,PDF Download Link (Open in Browser)
1,Adventure,"Hamlet","Classic Author","https://www.gutenberg.org/ebooks/search/?query=Hamlet&submit_search=Go"
2,Adventure,"Leaves of Grass","Classic Author","https://www.gutenberg.org/ebooks/search/?query=Leaves%20of%20Grass&submit_search=Go"
3,Adventure,"Moby Dick","Herman Melville","https://www.gutenberg.org/ebooks/search/?query=Moby%20Dick&submit_search=Go"
4,Adventure,"Summer","Classic Author","https://www.gutenberg.org/ebooks/search/?query=Summer&submit_search=Go"
5,Adventure,"The ORuddy","Classic Author","https://www.gutenberg.org/ebooks/search/?query=The%20ORuddy&submit_search=Go"
6,Adventure,"The Odyssey","Classic Author","https://www.gutenberg.org/ebooks/search/?query=The%20Odyssey&submit_search=Go"
7,Adventure,"The Shadow Line","Classic Author","https://www.gutenberg.org/ebooks/search/?query=The%20Shadow%20Line&submit_search=Go"
8,Adventure,"The Wealth of Nations","Classic Author","https://www.gutenberg.org/ebooks/search/?query=The%20Wealth%20of%20Nations&submit_search=Go"
9,Adventure,"The Will to Power","Classic Author","https://www.gutenberg.org/ebooks/search/?query=The%20Will%20to%20Power&submit_search=Go"
10,Adventure,"Treasure Island","Robert Louis Stevenson","https://www.gutenberg.org/ebooks/search/?query=Treasure%20Island&submit_search=Go"
11,Art,"A Treatise on Painting (Vol. 3)","John Ruskin","https://www.gutenberg.org/ebooks/search/?query=A%20Treatise%20on%20Painting&submit_search=Go"
12,Art,"Art History (Vol. 2)","Giorgio Vasari","https://www.gutenberg.org/ebooks/search/?query=Art%20History&submit_search=Go"
13,Art,"Art Through the Ages (Vol. 7)","Leonardo da Vinci","https://www.gutenberg.org/ebooks/search/?query=Art%20Through%20the%20Ages&submit_search=Go"
14,Art,"Art and Illusion (Vol. 4)","Leonardo da Vinci","https://www.gutenberg.org/ebooks/search/?query=Art%20and%20Illusion&submit_search=Go"
15,Art,"Complexity and Contradiction in Architecture (Vol. 8)","Walter Pater","https://www.gutenberg.org/ebooks/search/?query=Complexity%20and%20Contradiction%20in%20Architecture&submit_search=Go"
16,Art,"Concerning the Spiritual in Art (Vol. 4)","John Ruskin","https://www.gutenberg.org/ebooks/search/?query=Concerning%20the%20Spiritual%20in%20Art&submit_search=Go"
17,Art,"Design of Everyday Things (Vol. 5)","Walter Pater","https://www.gutenberg.org/ebooks/search/?query=Design%20of%20Everyday%20Things&submit_search=Go"
18,Art,"Discourses on Art (Vol. 3)","Walter Pater","https://www.gutenberg.org/ebooks/search/?query=Discourses%20on%20Art&submit_search=Go"
19,Art,"Early Christian and Byzantine Art (Vol. 3)","Oscar Wilde","https://www.gutenberg.org/ebooks/search/?query=Early%20Christian%20and%20Byzantine%20Art&submit_search=Go"
20,Art,"Gardner's Art Through the Ages (Vol. 3)","Giorgio Vasari","https://www.gutenberg.org/ebooks/search/?query=Gardner's%20Art%20Through%20the%20Ages&submit_search=Go"
21,Art,"Gothic Architecture (Vol. 4)","Oscar Wilde","https://www.gutenberg.org/ebooks/search/?query=Gothic%20Architecture&submit_search=Go"
22,Art,"History of Art (Vol. 6)","Leonardo da Vinci","https://www.gutenberg.org/ebooks/search/?query=History%20of%20Art&submit_search=Go"
23,Art,"Interaction of Color (Vol. 6)","Walter Pater","https://www.gutenberg.org/ebooks/search/?query=Interaction%20of%20Color&submit_search=Go"
24,Art,"Lives of the Most Excellent Painters, Sculptors, and Architects (Vol. 7)","Oscar Wilde","https://www.gutenberg.org/ebooks/search/?query=Lives%20of%20the%20Most%20Excellent%20Painters%2C%20Sculptors%2C%20and%20Architects&submit_search=Go"
25,Art,"Modern Painters","John Ruskin","https://www.gutenberg.org/ebooks/search/?query=Modern%20Painters&submit_search=Go"
26,Art,"Primitive Art (Vol. 2)","Oscar Wilde","https://www.gutenberg.org/ebooks/search/?query=Primitive%20Art&submit_search=Go"
27,Art,"Principles of Art History (Vol. 7)","Giorgio Vasari","https://www.gutenberg.org/ebooks/search/?query=Principles%20of%20Art%20History&submit_search=Go"
28,Art,"Studies in Iconology (Vol. 6)","Giorgio Vasari","https://www.gutenberg.org/ebooks/search/?query=Studies%20in%20Iconology&submit_search=Go"
29,Art,"The Analysis of Beauty (Vol. 6)","John Ruskin","https://www.gutenberg.org/ebooks/search/?query=The%20Analysis%20of%20Beauty&submit_search=Go"
30,Art,"The Architecture of the City (Vol. 7)","Walter Pater","https://www.gutenberg.org/ebooks/search/?query=The%20Architecture%20of%20the%20City&submit_search=Go"
31,Art,"The Art of Color (Vol. 4)","Walter Pater","https://www.gutenberg.org/ebooks/search/?query=The%20Art%20of%20Color&submit_search=Go"
32,Art,"The Craftsman's Handbook (Vol. 8)","John Ruskin","https://www.gutenberg.org/ebooks/search/?query=The%20Craftsman's%20Handbook&submit_search=Go"
33,Art,"The Elements of Drawing (Vol. 8)","Oscar Wilde","https://www.gutenberg.org/ebooks/search/?query=The%20Elements%20of%20Drawing&submit_search=Go"
34,Art,"The Gentle Art of Making Enemies (Vol. 7)","John Ruskin","https://www.gutenberg.org/ebooks/search/?query=The%20Gentle%20Art%20of%20Making%20Enemies&submit_search=Go"
35,Art,"The Humanities Through the Arts","Giorgio Vasari","https://www.gutenberg.org/ebooks/search/?query=The%20Humanities%20Through%20the%20Arts&submit_search=Go"
36,Art,"The Meaning of Art (Vol. 5)","Leonardo da Vinci","https://www.gutenberg.org/ebooks/search/?query=The%20Meaning%20of%20Art&submit_search=Go"
37,Art,"The Painter of Modern Life (Vol. 2)","Walter Pater","https://www.gutenberg.org/ebooks/search/?query=The%20Painter%20of%20Modern%20Life&submit_search=Go"
38,Art,"The Philosophy of Fine Art (Vol. 5)","John Ruskin","https://www.gutenberg.org/ebooks/search/?query=The%20Philosophy%20of%20Fine%20Art&submit_search=Go"
39,Art,"The Picture of Dorian Gray (Vol. 6)","Oscar Wilde","https://www.gutenberg.org/ebooks/search/?query=The%20Picture%20of%20Dorian%20Gray&submit_search=Go"
40,Art,"The Power of Images","Oscar Wilde","https://www.gutenberg.org/ebooks/search/?query=The%20Power%20of%20Images&submit_search=Go"
41,Art,"The Shape of Time (Vol. 5)","Giorgio Vasari","https://www.gutenberg.org/ebooks/search/?query=The%20Shape%20of%20Time&submit_search=Go"
42,Art,"The Shock of the New (Vol. 8)","Leonardo da Vinci","https://www.gutenberg.org/ebooks/search/?query=The%20Shock%20of%20the%20New&submit_search=Go"
43,Art,"The Stones of Venice (Vol. 2)","John Ruskin","https://www.gutenberg.org/ebooks/search/?query=The%20Stones%20of%20Venice&submit_search=Go"
44,Art,"The Story of Art (Vol. 2)","Leonardo da Vinci","https://www.gutenberg.org/ebooks/search/?query=The%20Story%20of%20Art&submit_search=Go"
45,Art,"The Visual Arts: A History (Vol. 4)","Giorgio Vasari","https://www.gutenberg.org/ebooks/search/?query=The%20Visual%20Arts%3A%20A%20History&submit_search=Go"
46,Art,"Vision and Design","Leonardo da Vinci","https://www.gutenberg.org/ebooks/search/?query=Vision%20and%20Design&submit_search=Go"
47,Art,"Ways of Seeing (Vol. 3)","Leonardo da Vinci","https://www.gutenberg.org/ebooks/search/?query=Ways%20of%20Seeing&submit_search=Go"
48,Art,"What Is Art?","Walter Pater","https://www.gutenberg.org/ebooks/search/?query=What%20Is%20Art%3F&submit_search=Go"
49,Biography,"Agassi (Vol. 7)","Ulysses S. Grant","https://www.gutenberg.org/ebooks/search/?query=Agassi&submit_search=Go"
50,Biography,"Alexander Hamilton (Vol. 6)","Ulysses S. Grant","https://www.gutenberg.org/ebooks/search/?query=Alexander%20Hamilton&submit_search=Go"
51,Biography,"Autobiography of Benjamin Franklin (Vol. 3)","Ulysses S. Grant","https://www.gutenberg.org/ebooks/search/?query=Autobiography%20of%20Benjamin%20Franklin&submit_search=Go"
52,Biography,"Bayou Folk","Classic Author","https://www.gutenberg.org/ebooks/search/?query=Bayou%20Folk&submit_search=Go"
53,Biography,"Becoming (Vol. 3)","Ulysses S. Grant","https://www.gutenberg.org/ebooks/search/?query=Becoming&submit_search=Go"
54,Biography,"Benjamin Franklin: An American Life (Vol. 7)","Ulysses S. Grant","https://www.gutenberg.org/ebooks/search/?query=Benjamin%20Franklin%3A%20An%20American%20Life&submit_search=Go"
55,Biography,"Beyond Good and Evil","Classic Author","https://www.gutenberg.org/ebooks/search/?query=Beyond%20Good%20and%20Evil&submit_search=Go"
56,Biography,"Born a Crime (Vol. 4)","Ulysses S. Grant","https://www.gutenberg.org/ebooks/search/?query=Born%20a%20Crime&submit_search=Go"
57,Biography,"Churchill: A Life (Vol. 8)","Ulysses S. Grant","https://www.gutenberg.org/ebooks/search/?query=Churchill%3A%20A%20Life&submit_search=Go"
58,Biography,"Educated: A Memoir (Vol. 2)","Ulysses S. Grant","https://www.gutenberg.org/ebooks/search/?query=Educated%3A%20A%20Memoir&submit_search=Go"
59,Biography,"Einstein: His Life and Universe (Vol. 5)","Ulysses S. Grant","https://www.gutenberg.org/ebooks/search/?query=Einstein%3A%20His%20Life%20and%20Universe&submit_search=Go"
60,Biography,"Frida: A Biography of Frida Kahlo (Vol. 4)","Ulysses S. Grant","https://www.gutenberg.org/ebooks/search/?query=Frida%3A%20A%20Biography%20of%20Frida%20Kahlo&submit_search=Go"
61,Biography,"I Know Why the Caged Bird Sings (Vol. 2)","Ulysses S. Grant","https://www.gutenberg.org/ebooks/search/?query=I%20Know%20Why%20the%20Caged%20Bird%20Sings&submit_search=Go"
62,Biography,"Into the Wild (Vol. 6)","Ulysses S. Grant","https://www.gutenberg.org/ebooks/search/?query=Into%20the%20Wild&submit_search=Go"
63,Biography,"John Adams (Vol. 2)","Ulysses S. Grant","https://www.gutenberg.org/ebooks/search/?query=John%20Adams&submit_search=Go"
64,Biography,"Long Walk to Freedom (Vol. 3)","Ulysses S. Grant","https://www.gutenberg.org/ebooks/search/?query=Long%20Walk%20to%20Freedom&submit_search=Go"
65,Biography,"Man's Search for Meaning (Vol. 4)","Ulysses S. Grant","https://www.gutenberg.org/ebooks/search/?query=Man's%20Search%20for%20Meaning&submit_search=Go"
66,Biography,"Memoirs of Sherlock Holmes (Vol. 8)","Ulysses S. Grant","https://www.gutenberg.org/ebooks/search/?query=Memoirs%20of%20Sherlock%20Holmes&submit_search=Go"
67,Biography,"Napoleon: A Life","Ulysses S. Grant","https://www.gutenberg.org/ebooks/search/?query=Napoleon%3A%20A%20Life&submit_search=Go"
68,Biography,"Narrative of the Life of Frederick Douglass (Vol. 7)","Ulysses S. Grant","https://www.gutenberg.org/ebooks/search/?query=Narrative%20of%20the%20Life%20of%20Frederick%20Douglass&submit_search=Go"
69,Biography,"Open: An Autobiography (Vol. 6)","Ulysses S. Grant","https://www.gutenberg.org/ebooks/search/?query=Open%3A%20An%20Autobiography&submit_search=Go"
70,Biography,"Personal Memoirs of Ulysses S. Grant (Vol. 5)","Ulysses S. Grant","https://www.gutenberg.org/ebooks/search/?query=Personal%20Memoirs%20of%20Ulysses%20S.%20Grant&submit_search=Go"
71,Biography,"Romeo and Juliet","Classic Author","https://www.gutenberg.org/ebooks/search/?query=Romeo%20and%20Juliet&submit_search=Go"
72,Biography,"Shoe Dog (Vol. 5)","Ulysses S. Grant","https://www.gutenberg.org/ebooks/search/?query=Shoe%20Dog&submit_search=Go"
73,Biography,"Steve Jobs (Vol. 4)","Ulysses S. Grant","https://www.gutenberg.org/ebooks/search/?query=Steve%20Jobs&submit_search=Go"
74,Biography,"Team of Rivals (Vol. 3)","Ulysses S. Grant","https://www.gutenberg.org/ebooks/search/?query=Team%20of%20Rivals&submit_search=Go"
75,Biography,"The Age of Reason","Classic Author","https://www.gutenberg.org/ebooks/search/?query=The%20Age%20of%20Reason&submit_search=Go"
76,Biography,"The Autobiography of Malcolm X","Ulysses S. Grant","https://www.gutenberg.org/ebooks/search/?query=The%20Autobiography%20of%20Malcolm%20X&submit_search=Go"
77,Biography,"The Communist Manifesto","Classic Author","https://www.gutenberg.org/ebooks/search/?query=The%20Communist%20Manifesto&submit_search=Go"
78,Biography,"The Diary of a Young Girl (Vol. 2)","Ulysses S. Grant","https://www.gutenberg.org/ebooks/search/?query=The%20Diary%20of%20a%20Young%20Girl&submit_search=Go"
79,Biography,"The Glass Castle (Vol. 7)","Ulysses S. Grant","https://www.gutenberg.org/ebooks/search/?query=The%20Glass%20Castle&submit_search=Go"
80,Biography,"The Life of Samuel Johnson (Vol. 6)","Ulysses S. Grant","https://www.gutenberg.org/ebooks/search/?query=The%20Life%20of%20Samuel%20Johnson&submit_search=Go"
81,Biography,"The Right Stuff (Vol. 5)","Ulysses S. Grant","https://www.gutenberg.org/ebooks/search/?query=The%20Right%20Stuff&submit_search=Go"
82,Biography,"The Romance of the Forest","Classic Author","https://www.gutenberg.org/ebooks/search/?query=The%20Romance%20of%20the%20Forest&submit_search=Go"
83,Biography,"The Rover","Classic Author","https://www.gutenberg.org/ebooks/search/?query=The%20Rover&submit_search=Go"
84,Biography,"The Snowball: Warren Buffett and the Business of Life (Vol. 5)","Ulysses S. Grant","https://www.gutenberg.org/ebooks/search/?query=The%20Snowball%3A%20Warren%20Buffett%20and%20the%20Business%20of%20Life&submit_search=Go"
85,Biography,"The Story of My Life (Vol. 3)","Ulysses S. Grant","https://www.gutenberg.org/ebooks/search/?query=The%20Story%20of%20My%20Life&submit_search=Go"
86,Biography,"Truman (Vol. 7)","Ulysses S. Grant","https://www.gutenberg.org/ebooks/search/?query=Truman&submit_search=Go"
87,Biography,"Twelve Years a Slave","Ulysses S. Grant","https://www.gutenberg.org/ebooks/search/?query=Twelve%20Years%20a%20Slave&submit_search=Go"
88,Biography,"Unbroken (Vol. 8)","Ulysses S. Grant","https://www.gutenberg.org/ebooks/search/?query=Unbroken&submit_search=Go"
89,Biography,"Up From Slavery (Vol. 4)","Ulysses S. Grant","https://www.gutenberg.org/ebooks/search/?query=Up%20From%20Slavery&submit_search=Go"
90,Biography,"Washington: A Life","Ulysses S. Grant","https://www.gutenberg.org/ebooks/search/?query=Washington%3A%20A%20Life&submit_search=Go"
91,Biography,"When Breath Becomes Air (Vol. 6)","Ulysses S. Grant","https://www.gutenberg.org/ebooks/search/?query=When%20Breath%20Becomes%20Air&submit_search=Go"
92,Biography,"Wild: From Lost to Found on the Pacific Crest Trail","Ulysses S. Grant","https://www.gutenberg.org/ebooks/search/?query=Wild%3A%20From%20Lost%20to%20Found%20on%20the%20Pacific%20Crest%20Trail&submit_search=Go"
93,Classic,"A Tale of Two Cities (Vol. 8)","Jane Austen","https://www.gutenberg.org/ebooks/search/?query=A%20Tale%20of%20Two%20Cities&submit_search=Go"
94,Classic,"Anna Karenina (Vol. 2)","Jane Austen","https://www.gutenberg.org/ebooks/search/?query=Anna%20Karenina&submit_search=Go"
95,Classic,"Crime and Punishment (Vol. 7)","Jane Austen","https://www.gutenberg.org/ebooks/search/?query=Crime%20and%20Punishment&submit_search=Go"
96,Classic,"David Copperfield","Jane Austen","https://www.gutenberg.org/ebooks/search/?query=David%20Copperfield&submit_search=Go"
97,Classic,"Don Quixote (Vol. 4)","Leo Tolstoy","https://www.gutenberg.org/ebooks/search/?query=Don%20Quixote&submit_search=Go"
98,Classic,"Dracula (Vol. 7)","Homer","https://www.gutenberg.org/ebooks/search/?query=Dracula&submit_search=Go"
99,Classic,"Emma","Leo Tolstoy","https://www.gutenberg.org/ebooks/search/?query=Emma&submit_search=Go"
100,Classic,"Far from the Madding Crowd (Vol. 7)","Leo Tolstoy","https://www.gutenberg.org/ebooks/search/?query=Far%20from%20the%20Madding%20Crowd&submit_search=Go"
101,Classic,"Fathers and Sons (Vol. 6)","Leo Tolstoy","https://www.gutenberg.org/ebooks/search/?query=Fathers%20and%20Sons&submit_search=Go"
102,Classic,"Frankenstein (Vol. 6)","Jane Austen","https://www.gutenberg.org/ebooks/search/?query=Frankenstein&submit_search=Go"
103,Classic,"Great Expectations (Vol. 2)","Homer","https://www.gutenberg.org/ebooks/search/?query=Great%20Expectations&submit_search=Go"
104,Classic,"Jane Eyre","Homer","https://www.gutenberg.org/ebooks/search/?query=Jane%20Eyre&submit_search=Go"
105,Classic,"Jude the Obscure (Vol. 5)","Jane Austen","https://www.gutenberg.org/ebooks/search/?query=Jude%20the%20Obscure&submit_search=Go"
106,Classic,"Les Misérables","Leo Tolstoy","https://www.gutenberg.org/ebooks/search/?query=Les%20Mis%C3%A9rables&submit_search=Go"
107,Classic,"Macbeth","Classic Author","https://www.gutenberg.org/ebooks/search/?query=Macbeth&submit_search=Go"
108,Classic,"Madame Bovary (Vol. 6)","Homer","https://www.gutenberg.org/ebooks/search/?query=Madame%20Bovary&submit_search=Go"
109,Classic,"Mansfield Park (Vol. 2)","Jane Austen","https://www.gutenberg.org/ebooks/search/?query=Mansfield%20Park&submit_search=Go"
110,Classic,"Middlemarch (Vol. 4)","Jane Austen","https://www.gutenberg.org/ebooks/search/?query=Middlemarch&submit_search=Go"
111,Classic,"Moby-Dick (Vol. 8)","Homer","https://www.gutenberg.org/ebooks/search/?query=Moby-Dick&submit_search=Go"
112,Classic,"Northanger Abbey (Vol. 3)","Homer","https://www.gutenberg.org/ebooks/search/?query=Northanger%20Abbey&submit_search=Go"
113,Classic,"Pride and Prejudice","Jane Austen","https://www.gutenberg.org/ebooks/search/?query=Pride%20and%20Prejudice&submit_search=Go"
114,Classic,"Self-Reliance","Classic Author","https://www.gutenberg.org/ebooks/search/?query=Self-Reliance&submit_search=Go"
115,Classic,"Sense and Sensibility (Vol. 7)","Jane Austen","https://www.gutenberg.org/ebooks/search/?query=Sense%20and%20Sensibility&submit_search=Go"
116,Classic,"Tess of the d'Urbervilles (Vol. 4)","Leo Tolstoy","https://www.gutenberg.org/ebooks/search/?query=Tess%20of%20the%20d'Urbervilles&submit_search=Go"
117,Classic,"The Adventures of Huckleberry Finn (Vol. 8)","Leo Tolstoy","https://www.gutenberg.org/ebooks/search/?query=The%20Adventures%20of%20Huckleberry%20Finn&submit_search=Go"
118,Classic,"The Adventures of Tom Sawyer (Vol. 4)","Jane Austen","https://www.gutenberg.org/ebooks/search/?query=The%20Adventures%20of%20Tom%20Sawyer&submit_search=Go"
119,Classic,"The Brothers Karamazov (Vol. 5)","Jane Austen","https://www.gutenberg.org/ebooks/search/?query=The%20Brothers%20Karamazov&submit_search=Go"
120,Classic,"The Catcher in the Rye (Vol. 4)","Homer","https://www.gutenberg.org/ebooks/search/?query=The%20Catcher%20in%20the%20Rye&submit_search=Go"
121,Classic,"The Count of Monte Cristo (Vol. 3)","Homer","https://www.gutenberg.org/ebooks/search/?query=The%20Count%20of%20Monte%20Cristo&submit_search=Go"
122,Classic,"The Gay Science","Classic Author","https://www.gutenberg.org/ebooks/search/?query=The%20Gay%20Science&submit_search=Go"
123,Classic,"The Great Gatsby (Vol. 6)","Leo Tolstoy","https://www.gutenberg.org/ebooks/search/?query=The%20Great%20Gatsby&submit_search=Go"
124,Classic,"The Iliad","Classic Author","https://www.gutenberg.org/ebooks/search/?query=The%20Iliad&submit_search=Go"
125,Classic,"The Iliad (Vol. 5)","Homer","https://www.gutenberg.org/ebooks/search/?query=The%20Iliad&submit_search=Go"
126,Classic,"The Mayor of Casterbridge (Vol. 6)","Homer","https://www.gutenberg.org/ebooks/search/?query=The%20Mayor%20of%20Casterbridge&submit_search=Go"
127,Classic,"The Monk","Classic Author","https://www.gutenberg.org/ebooks/search/?query=The%20Monk&submit_search=Go"
128,Classic,"The Odyssey (Vol. 5)","Homer","https://www.gutenberg.org/ebooks/search/?query=The%20Odyssey&submit_search=Go"
129,Classic,"The Picture of Dorian Gray (Vol. 7)","Leo Tolstoy","https://www.gutenberg.org/ebooks/search/?query=The%20Picture%20of%20Dorian%20Gray&submit_search=Go"
130,Classic,"The Red and the Black (Vol. 3)","Leo Tolstoy","https://www.gutenberg.org/ebooks/search/?query=The%20Red%20and%20the%20Black&submit_search=Go"
131,Classic,"The Reef","Classic Author","https://www.gutenberg.org/ebooks/search/?query=The%20Reef&submit_search=Go"
132,Classic,"The Scarlet Letter (Vol. 3)","Jane Austen","https://www.gutenberg.org/ebooks/search/?query=The%20Scarlet%20Letter&submit_search=Go"
133,Classic,"The Theory of Moral Sentiments","Classic Author","https://www.gutenberg.org/ebooks/search/?query=The%20Theory%20of%20Moral%20Sentiments&submit_search=Go"
134,Classic,"To Kill a Mockingbird (Vol. 5)","Leo Tolstoy","https://www.gutenberg.org/ebooks/search/?query=To%20Kill%20a%20Mockingbird&submit_search=Go"
135,Classic,"Typhoon","Classic Author","https://www.gutenberg.org/ebooks/search/?query=Typhoon&submit_search=Go"
136,Classic,"Vanity Fair (Vol. 2)","Homer","https://www.gutenberg.org/ebooks/search/?query=Vanity%20Fair&submit_search=Go"
137,Classic,"War and Peace (Vol. 3)","Leo Tolstoy","https://www.gutenberg.org/ebooks/search/?query=War%20and%20Peace&submit_search=Go"
138,Classic,"Wuthering Heights (Vol. 2)","Leo Tolstoy","https://www.gutenberg.org/ebooks/search/?query=Wuthering%20Heights&submit_search=Go"
139,Drama,"A Doll's House (Vol. 4)","Anton Chekhov","https://www.gutenberg.org/ebooks/search/?query=A%20Doll's%20House&submit_search=Go"
140,Drama,"A Midsummer Night's Dream (Vol. 6)","Oscar Wilde","https://www.gutenberg.org/ebooks/search/?query=A%20Midsummer%20Night's%20Dream&submit_search=Go"
141,Drama,"A Streetcar Named Desire","Arthur Miller","https://www.gutenberg.org/ebooks/search/?query=A%20Streetcar%20Named%20Desire&submit_search=Go"
142,Drama,"A Tale of Two Cities","Charles Dickens","https://www.gutenberg.org/ebooks/search/?query=A%20Tale%20of%20Two%20Cities&submit_search=Go"
143,Drama,"Active Service","Classic Author","https://www.gutenberg.org/ebooks/search/?query=Active%20Service&submit_search=Go"
144,Drama,"An Inspector Calls (Vol. 7)","Anton Chekhov","https://www.gutenberg.org/ebooks/search/?query=An%20Inspector%20Calls&submit_search=Go"
145,Drama,"Antigone (Vol. 2)","Arthur Miller","https://www.gutenberg.org/ebooks/search/?query=Antigone&submit_search=Go"
146,Drama,"Arms and the Man (Vol. 7)","William Shakespeare","https://www.gutenberg.org/ebooks/search/?query=Arms%20and%20the%20Man&submit_search=Go"
147,Drama,"Cat on a Hot Tin Roof (Vol. 3)","William Shakespeare","https://www.gutenberg.org/ebooks/search/?query=Cat%20on%20a%20Hot%20Tin%20Roof&submit_search=Go"
148,Drama,"Civil Disobedience","Classic Author","https://www.gutenberg.org/ebooks/search/?query=Civil%20Disobedience&submit_search=Go"
149,Drama,"Coriolanus","Classic Author","https://www.gutenberg.org/ebooks/search/?query=Coriolanus&submit_search=Go"
150,Drama,"Crime and Punishment","Fyodor Dostoevsky","https://www.gutenberg.org/ebooks/search/?query=Crime%20and%20Punishment&submit_search=Go"
151,Drama,"Cyrano de Bergerac (Vol. 2)","Henrik Ibsen","https://www.gutenberg.org/ebooks/search/?query=Cyrano%20de%20Bergerac&submit_search=Go"
152,Drama,"Death of a Salesman (Vol. 3)","Anton Chekhov","https://www.gutenberg.org/ebooks/search/?query=Death%20of%20a%20Salesman&submit_search=Go"
153,Drama,"Don Quixote","Classic Author","https://www.gutenberg.org/ebooks/search/?query=Don%20Quixote&submit_search=Go"
154,Drama,"Ethan Frome","Classic Author","https://www.gutenberg.org/ebooks/search/?query=Ethan%20Frome&submit_search=Go"
155,Drama,"Faust (Vol. 3)","Henrik Ibsen","https://www.gutenberg.org/ebooks/search/?query=Faust&submit_search=Go"
156,Drama,"Great Expectations","Charles Dickens","https://www.gutenberg.org/ebooks/search/?query=Great%20Expectations&submit_search=Go"
157,Drama,"Hamlet (Vol. 8)","Henrik Ibsen","https://www.gutenberg.org/ebooks/search/?query=Hamlet&submit_search=Go"
158,Drama,"Hedda Gabler (Vol. 5)","Henrik Ibsen","https://www.gutenberg.org/ebooks/search/?query=Hedda%20Gabler&submit_search=Go"
159,Drama,"Human All Too Human","Classic Author","https://www.gutenberg.org/ebooks/search/?query=Human%20All%20Too%20Human&submit_search=Go"
160,Drama,"Julius Caesar (Vol. 8)","Oscar Wilde","https://www.gutenberg.org/ebooks/search/?query=Julius%20Caesar&submit_search=Go"
161,Drama,"King Lear (Vol. 4)","Oscar Wilde","https://www.gutenberg.org/ebooks/search/?query=King%20Lear&submit_search=Go"
162,Drama,"Les Misérables","Victor Hugo","https://www.gutenberg.org/ebooks/search/?query=Les%20Mis%C3%A9rables&submit_search=Go"
163,Drama,"Long Day's Journey into Night (Vol. 4)","William Shakespeare","https://www.gutenberg.org/ebooks/search/?query=Long%20Day's%20Journey%20into%20Night&submit_search=Go"
164,Drama,"Look Back in Anger (Vol. 6)","William Shakespeare","https://www.gutenberg.org/ebooks/search/?query=Look%20Back%20in%20Anger&submit_search=Go"
165,Drama,"Macbeth (Vol. 2)","Oscar Wilde","https://www.gutenberg.org/ebooks/search/?query=Macbeth&submit_search=Go"
166,Drama,"Medea (Vol. 4)","Arthur Miller","https://www.gutenberg.org/ebooks/search/?query=Medea&submit_search=Go"
167,Drama,"Much Ado About Nothing","Anton Chekhov","https://www.gutenberg.org/ebooks/search/?query=Much%20Ado%20About%20Nothing&submit_search=Go"
168,Drama,"Oedipus Rex (Vol. 3)","Arthur Miller","https://www.gutenberg.org/ebooks/search/?query=Oedipus%20Rex&submit_search=Go"
169,Drama,"Othello (Vol. 3)","Oscar Wilde","https://www.gutenberg.org/ebooks/search/?query=Othello&submit_search=Go"
170,Drama,"Pygmalion (Vol. 6)","Anton Chekhov","https://www.gutenberg.org/ebooks/search/?query=Pygmalion&submit_search=Go"
171,Drama,"Rhinoceros","William Shakespeare","https://www.gutenberg.org/ebooks/search/?query=Rhinoceros&submit_search=Go"
172,Drama,"Romeo and Juliet","Oscar Wilde","https://www.gutenberg.org/ebooks/search/?query=Romeo%20and%20Juliet&submit_search=Go"
173,Drama,"Saint Joan","Henrik Ibsen","https://www.gutenberg.org/ebooks/search/?query=Saint%20Joan&submit_search=Go"
174,Drama,"Six Characters in Search of an Author (Vol. 7)","Arthur Miller","https://www.gutenberg.org/ebooks/search/?query=Six%20Characters%20in%20Search%20of%20an%20Author&submit_search=Go"
175,Drama,"The Brothers Karamazov","Fyodor Dostoevsky","https://www.gutenberg.org/ebooks/search/?query=The%20Brothers%20Karamazov&submit_search=Go"
176,Drama,"The Caretaker (Vol. 5)","William Shakespeare","https://www.gutenberg.org/ebooks/search/?query=The%20Caretaker&submit_search=Go"
177,Drama,"The Cherry Orchard (Vol. 5)","Arthur Miller","https://www.gutenberg.org/ebooks/search/?query=The%20Cherry%20Orchard&submit_search=Go"
178,Drama,"The Crucible (Vol. 8)","Anton Chekhov","https://www.gutenberg.org/ebooks/search/?query=The%20Crucible&submit_search=Go"
179,Drama,"The Glass Menagerie (Vol. 2)","William Shakespeare","https://www.gutenberg.org/ebooks/search/?query=The%20Glass%20Menagerie&submit_search=Go"
180,Drama,"The Importance of Being Earnest (Vol. 2)","Anton Chekhov","https://www.gutenberg.org/ebooks/search/?query=The%20Importance%20of%20Being%20Earnest&submit_search=Go"
181,Drama,"The Master Builder (Vol. 4)","Henrik Ibsen","https://www.gutenberg.org/ebooks/search/?query=The%20Master%20Builder&submit_search=Go"
182,Drama,"The Merchant of Venice (Vol. 5)","Oscar Wilde","https://www.gutenberg.org/ebooks/search/?query=The%20Merchant%20of%20Venice&submit_search=Go"
183,Drama,"The Metamorphosis","Franz Kafka","https://www.gutenberg.org/ebooks/search/?query=The%20Metamorphosis&submit_search=Go"
184,Drama,"The Picture of Dorian Gray","Oscar Wilde","https://www.gutenberg.org/ebooks/search/?query=The%20Picture%20of%20Dorian%20Gray&submit_search=Go"
185,Drama,"The Seagull (Vol. 5)","Anton Chekhov","https://www.gutenberg.org/ebooks/search/?query=The%20Seagull&submit_search=Go"
186,Drama,"The Tempest (Vol. 7)","Oscar Wilde","https://www.gutenberg.org/ebooks/search/?query=The%20Tempest&submit_search=Go"
187,Drama,"The Wild Duck (Vol. 6)","Henrik Ibsen","https://www.gutenberg.org/ebooks/search/?query=The%20Wild%20Duck&submit_search=Go"
188,Drama,"Uncle Vanya (Vol. 6)","Arthur Miller","https://www.gutenberg.org/ebooks/search/?query=Uncle%20Vanya&submit_search=Go"
189,Drama,"Victory","Classic Author","https://www.gutenberg.org/ebooks/search/?query=Victory&submit_search=Go"
190,Drama,"Waiting for Godot (Vol. 8)","Arthur Miller","https://www.gutenberg.org/ebooks/search/?query=Waiting%20for%20Godot&submit_search=Go"
191,Drama,"War and Peace","Leo Tolstoy","https://www.gutenberg.org/ebooks/search/?query=War%20and%20Peace&submit_search=Go"
192,Drama,"What Is to Be Done","Classic Author","https://www.gutenberg.org/ebooks/search/?query=What%20Is%20to%20Be%20Done&submit_search=Go"
193,Fantasy,"1984","George Orwell","https://www.gutenberg.org/ebooks/search/?query=1984&submit_search=Go"
194,Fantasy,"A Princess of Mars (Vol. 4)","George MacDonald","https://www.gutenberg.org/ebooks/search/?query=A%20Princess%20of%20Mars&submit_search=Go"
195,Fantasy,"Alice in Wonderland","Lewis Carroll","https://www.gutenberg.org/ebooks/search/?query=Alice%20in%20Wonderland&submit_search=Go"
196,Fantasy,"Alice's Adventures in Wonderland (Vol. 2)","George MacDonald","https://www.gutenberg.org/ebooks/search/?query=Alice's%20Adventures%20in%20Wonderland&submit_search=Go"
197,Fantasy,"At the Earth's Core (Vol. 2)","Lewis Carroll","https://www.gutenberg.org/ebooks/search/?query=At%20the%20Earth's%20Core&submit_search=Go"
198,Fantasy,"Dorothy and the Wizard in Oz","Edgar Rice Burroughs","https://www.gutenberg.org/ebooks/search/?query=Dorothy%20and%20the%20Wizard%20in%20Oz&submit_search=Go"
199,Fantasy,"Dracula","Bram Stoker","https://www.gutenberg.org/ebooks/search/?query=Dracula&submit_search=Go"
200,Fantasy,"Frankenstein","Mary Shelley","https://www.gutenberg.org/ebooks/search/?query=Frankenstein&submit_search=Go"
201,Fantasy,"Lilith","J.M. Barrie","https://www.gutenberg.org/ebooks/search/?query=Lilith&submit_search=Go"
202,Fantasy,"Lord Jim","Classic Author","https://www.gutenberg.org/ebooks/search/?query=Lord%20Jim&submit_search=Go"
203,Fantasy,"Ozma of Oz (Vol. 8)","George MacDonald","https://www.gutenberg.org/ebooks/search/?query=Ozma%20of%20Oz&submit_search=Go"
204,Fantasy,"Pellucidar (Vol. 3)","Lewis Carroll","https://www.gutenberg.org/ebooks/search/?query=Pellucidar&submit_search=Go"
205,Fantasy,"Peter Pan (Vol. 5)","George MacDonald","https://www.gutenberg.org/ebooks/search/?query=Peter%20Pan&submit_search=Go"
206,Fantasy,"Phantastes (Vol. 8)","Lewis Carroll","https://www.gutenberg.org/ebooks/search/?query=Phantastes&submit_search=Go"
207,Fantasy,"Prince Caspian (Vol. 3)","L. Frank Baum","https://www.gutenberg.org/ebooks/search/?query=Prince%20Caspian&submit_search=Go"
208,Fantasy,"Socialism Utopian and Scientific","Classic Author","https://www.gutenberg.org/ebooks/search/?query=Socialism%20Utopian%20and%20Scientific&submit_search=Go"
209,Fantasy,"Tales of Unrest","Classic Author","https://www.gutenberg.org/ebooks/search/?query=Tales%20of%20Unrest&submit_search=Go"
210,Fantasy,"Tarzan of the Apes (Vol. 4)","Lewis Carroll","https://www.gutenberg.org/ebooks/search/?query=Tarzan%20of%20the%20Apes&submit_search=Go"
211,Fantasy,"The Antichrist","Classic Author","https://www.gutenberg.org/ebooks/search/?query=The%20Antichrist&submit_search=Go"
212,Fantasy,"The Beasts of Tarzan (Vol. 6)","Lewis Carroll","https://www.gutenberg.org/ebooks/search/?query=The%20Beasts%20of%20Tarzan&submit_search=Go"
213,Fantasy,"The Chessmen of Mars","Lewis Carroll","https://www.gutenberg.org/ebooks/search/?query=The%20Chessmen%20of%20Mars&submit_search=Go"
214,Fantasy,"The Declaration of Independence","Classic Author","https://www.gutenberg.org/ebooks/search/?query=The%20Declaration%20of%20Independence&submit_search=Go"
215,Fantasy,"The Emerald City of Oz (Vol. 3)","Edgar Rice Burroughs","https://www.gutenberg.org/ebooks/search/?query=The%20Emerald%20City%20of%20Oz&submit_search=Go"
216,Fantasy,"The Fellowship of the Ring (Vol. 7)","J.M. Barrie","https://www.gutenberg.org/ebooks/search/?query=The%20Fellowship%20of%20the%20Ring&submit_search=Go"
217,Fantasy,"The Gods of Mars (Vol. 6)","Edgar Rice Burroughs","https://www.gutenberg.org/ebooks/search/?query=The%20Gods%20of%20Mars&submit_search=Go"
218,Fantasy,"The Hobbit (Vol. 6)","J.M. Barrie","https://www.gutenberg.org/ebooks/search/?query=The%20Hobbit&submit_search=Go"
219,Fantasy,"The Horse and His Boy (Vol. 6)","L. Frank Baum","https://www.gutenberg.org/ebooks/search/?query=The%20Horse%20and%20His%20Boy&submit_search=Go"
220,Fantasy,"The King of Elfland's Daughter (Vol. 4)","J.M. Barrie","https://www.gutenberg.org/ebooks/search/?query=The%20King%20of%20Elfland's%20Daughter&submit_search=Go"
221,Fantasy,"The Lion, the Witch and the Wardrobe (Vol. 2)","L. Frank Baum","https://www.gutenberg.org/ebooks/search/?query=The%20Lion%2C%20the%20Witch%20and%20the%20Wardrobe&submit_search=Go"
222,Fantasy,"The Magician's Nephew (Vol. 7)","L. Frank Baum","https://www.gutenberg.org/ebooks/search/?query=The%20Magician's%20Nephew&submit_search=Go"
223,Fantasy,"The Marvelous Land of Oz (Vol. 7)","George MacDonald","https://www.gutenberg.org/ebooks/search/?query=The%20Marvelous%20Land%20of%20Oz&submit_search=Go"
224,Fantasy,"The Mysteries of Udolpho","Classic Author","https://www.gutenberg.org/ebooks/search/?query=The%20Mysteries%20of%20Udolpho&submit_search=Go"
225,Fantasy,"The Patchwork Girl of Oz (Vol. 4)","Edgar Rice Burroughs","https://www.gutenberg.org/ebooks/search/?query=The%20Patchwork%20Girl%20of%20Oz&submit_search=Go"
226,Fantasy,"The Red Badge of Courage","Classic Author","https://www.gutenberg.org/ebooks/search/?query=The%20Red%20Badge%20of%20Courage&submit_search=Go"
227,Fantasy,"The Return of Tarzan (Vol. 5)","Lewis Carroll","https://www.gutenberg.org/ebooks/search/?query=The%20Return%20of%20Tarzan&submit_search=Go"
228,Fantasy,"The Return of the King","L. Frank Baum","https://www.gutenberg.org/ebooks/search/?query=The%20Return%20of%20the%20King&submit_search=Go"
229,Fantasy,"The Road to Oz (Vol. 2)","Edgar Rice Burroughs","https://www.gutenberg.org/ebooks/search/?query=The%20Road%20to%20Oz&submit_search=Go"
230,Fantasy,"The Silver Chair (Vol. 5)","L. Frank Baum","https://www.gutenberg.org/ebooks/search/?query=The%20Silver%20Chair&submit_search=Go"
231,Fantasy,"The Son of Tarzan (Vol. 7)","Lewis Carroll","https://www.gutenberg.org/ebooks/search/?query=The%20Son%20of%20Tarzan&submit_search=Go"
232,Fantasy,"The Tempest","Classic Author","https://www.gutenberg.org/ebooks/search/?query=The%20Tempest&submit_search=Go"
233,Fantasy,"The Voyage of the Dawn Treader (Vol. 4)","L. Frank Baum","https://www.gutenberg.org/ebooks/search/?query=The%20Voyage%20of%20the%20Dawn%20Treader&submit_search=Go"
234,Fantasy,"The Warlord of Mars (Vol. 7)","Edgar Rice Burroughs","https://www.gutenberg.org/ebooks/search/?query=The%20Warlord%20of%20Mars&submit_search=Go"
235,Fantasy,"The Well at the World's End (Vol. 3)","J.M. Barrie","https://www.gutenberg.org/ebooks/search/?query=The%20Well%20at%20the%20World's%20End&submit_search=Go"
236,Fantasy,"The Wonderful Wizard of Oz (Vol. 3)","George MacDonald","https://www.gutenberg.org/ebooks/search/?query=The%20Wonderful%20Wizard%20of%20Oz&submit_search=Go"
237,Fantasy,"The Wood Beyond the World (Vol. 2)","J.M. Barrie","https://www.gutenberg.org/ebooks/search/?query=The%20Wood%20Beyond%20the%20World&submit_search=Go"
238,Fantasy,"The Worm Ouroboros (Vol. 5)","J.M. Barrie","https://www.gutenberg.org/ebooks/search/?query=The%20Worm%20Ouroboros&submit_search=Go"
239,Fantasy,"Through the Looking-Glass (Vol. 6)","George MacDonald","https://www.gutenberg.org/ebooks/search/?query=Through%20the%20Looking-Glass&submit_search=Go"
240,Fantasy,"Thuvia, Maid of Mars (Vol. 8)","Edgar Rice Burroughs","https://www.gutenberg.org/ebooks/search/?query=Thuvia%2C%20Maid%20of%20Mars&submit_search=Go"
241,Fantasy,"Tik-Tok of Oz (Vol. 5)","Edgar Rice Burroughs","https://www.gutenberg.org/ebooks/search/?query=Tik-Tok%20of%20Oz&submit_search=Go"
242,History,"A History of the Modern World (Vol. 2)","Plutarch","https://www.gutenberg.org/ebooks/search/?query=A%20History%20of%20the%20Modern%20World&submit_search=Go"
243,History,"A Short History of Nearly Everything (Vol. 2)","Sun Tzu","https://www.gutenberg.org/ebooks/search/?query=A%20Short%20History%20of%20Nearly%20Everything&submit_search=Go"
244,History,"Ancient History of the East (Vol. 6)","Herodotus","https://www.gutenberg.org/ebooks/search/?query=Ancient%20History%20of%20the%20East&submit_search=Go"
245,History,"Caesar's Gallic Wars (Vol. 2)","Herodotus","https://www.gutenberg.org/ebooks/search/?query=Caesar's%20Gallic%20Wars&submit_search=Go"
246,History,"Chronicles of Froissart","Plutarch","https://www.gutenberg.org/ebooks/search/?query=Chronicles%20of%20Froissart&submit_search=Go"
247,History,"Ecce Homo","Classic Author","https://www.gutenberg.org/ebooks/search/?query=Ecce%20Homo&submit_search=Go"
248,History,"History of Greece","Herodotus","https://www.gutenberg.org/ebooks/search/?query=History%20of%20Greece&submit_search=Go"
249,History,"History of Rome (Vol. 4)","Plutarch","https://www.gutenberg.org/ebooks/search/?query=History%20of%20Rome&submit_search=Go"
250,History,"History of the Peloponnesian War","Sun Tzu","https://www.gutenberg.org/ebooks/search/?query=History%20of%20the%20Peloponnesian%20War&submit_search=Go"
251,History,"History of the Russian Revolution (Vol. 5)","Herodotus","https://www.gutenberg.org/ebooks/search/?query=History%20of%20the%20Russian%20Revolution&submit_search=Go"
252,History,"History of the World (Vol. 7)","Sun Tzu","https://www.gutenberg.org/ebooks/search/?query=History%20of%20the%20World&submit_search=Go"
253,History,"Julius Caesar","Classic Author","https://www.gutenberg.org/ebooks/search/?query=Julius%20Caesar&submit_search=Go"
254,History,"Maggie A Girl of the Streets","Classic Author","https://www.gutenberg.org/ebooks/search/?query=Maggie%20A%20Girl%20of%20the%20Streets&submit_search=Go"
255,History,"Medieval Europe (Vol. 4)","Herodotus","https://www.gutenberg.org/ebooks/search/?query=Medieval%20Europe&submit_search=Go"
256,History,"Nostromo","Classic Author","https://www.gutenberg.org/ebooks/search/?query=Nostromo&submit_search=Go"
257,History,"Parallel Lives (Vol. 5)","Herodotus","https://www.gutenberg.org/ebooks/search/?query=Parallel%20Lives&submit_search=Go"
258,History,"Rousseau and Revolution (Vol. 3)","Plutarch","https://www.gutenberg.org/ebooks/search/?query=Rousseau%20and%20Revolution&submit_search=Go"
259,History,"SPQR: A History of Ancient Rome (Vol. 4)","Plutarch","https://www.gutenberg.org/ebooks/search/?query=SPQR%3A%20A%20History%20of%20Ancient%20Rome&submit_search=Go"
260,History,"Sapiens: A Brief History of Humankind","Plutarch","https://www.gutenberg.org/ebooks/search/?query=Sapiens%3A%20A%20Brief%20History%20of%20Humankind&submit_search=Go"
261,History,"The Age of Faith (Vol. 6)","Sun Tzu","https://www.gutenberg.org/ebooks/search/?query=The%20Age%20of%20Faith&submit_search=Go"
262,History,"The Age of Innocence","Classic Author","https://www.gutenberg.org/ebooks/search/?query=The%20Age%20of%20Innocence&submit_search=Go"
263,History,"The Age of Louis XIV","Sun Tzu","https://www.gutenberg.org/ebooks/search/?query=The%20Age%20of%20Louis%20XIV&submit_search=Go"
264,History,"The Age of Napoleon (Vol. 4)","Sun Tzu","https://www.gutenberg.org/ebooks/search/?query=The%20Age%20of%20Napoleon&submit_search=Go"
265,History,"The Age of Reason Begins (Vol. 8)","Plutarch","https://www.gutenberg.org/ebooks/search/?query=The%20Age%20of%20Reason%20Begins&submit_search=Go"
266,History,"The Age of Voltaire (Vol. 2)","Herodotus","https://www.gutenberg.org/ebooks/search/?query=The%20Age%20of%20Voltaire&submit_search=Go"
267,History,"The Annals of Tacitus (Vol. 6)","Plutarch","https://www.gutenberg.org/ebooks/search/?query=The%20Annals%20of%20Tacitus&submit_search=Go"
268,History,"The Art of War","Sun Tzu","https://www.gutenberg.org/ebooks/search/?query=The%20Art%20of%20War&submit_search=Go"
269,History,"The Art of War (Vol. 7)","Herodotus","https://www.gutenberg.org/ebooks/search/?query=The%20Art%20of%20War&submit_search=Go"
270,History,"The Civilization of the Renaissance in Italy (Vol. 3)","Herodotus","https://www.gutenberg.org/ebooks/search/?query=The%20Civilization%20of%20the%20Renaissance%20in%20Italy&submit_search=Go"
271,History,"The Conquest of Mexico (Vol. 5)","Sun Tzu","https://www.gutenberg.org/ebooks/search/?query=The%20Conquest%20of%20Mexico&submit_search=Go"
272,History,"The Constitution of the United States","Classic Author","https://www.gutenberg.org/ebooks/search/?query=The%20Constitution%20of%20the%20United%20States&submit_search=Go"
273,History,"The Crusades (Vol. 8)","Sun Tzu","https://www.gutenberg.org/ebooks/search/?query=The%20Crusades&submit_search=Go"
274,History,"The Decline and Fall of the Roman Empire (Vol. 3)","Plutarch","https://www.gutenberg.org/ebooks/search/?query=The%20Decline%20and%20Fall%20of%20the%20Roman%20Empire&submit_search=Go"
275,History,"The French Revolution (Vol. 2)","Sun Tzu","https://www.gutenberg.org/ebooks/search/?query=The%20French%20Revolution&submit_search=Go"
276,History,"The Histories (Vol. 8)","Plutarch","https://www.gutenberg.org/ebooks/search/?query=The%20Histories&submit_search=Go"
277,History,"The History of Civilization (Vol. 3)","Sun Tzu","https://www.gutenberg.org/ebooks/search/?query=The%20History%20of%20Civilization&submit_search=Go"
278,History,"The History of England (Vol. 8)","Herodotus","https://www.gutenberg.org/ebooks/search/?query=The%20History%20of%20England&submit_search=Go"
279,History,"The History of the Ancient World (Vol. 5)","Sun Tzu","https://www.gutenberg.org/ebooks/search/?query=The%20History%20of%20the%20Ancient%20World&submit_search=Go"
280,History,"The Italian","Classic Author","https://www.gutenberg.org/ebooks/search/?query=The%20Italian&submit_search=Go"
281,History,"The Middle Ages (Vol. 7)","Plutarch","https://www.gutenberg.org/ebooks/search/?query=The%20Middle%20Ages&submit_search=Go"
282,History,"The Reformation (Vol. 7)","Herodotus","https://www.gutenberg.org/ebooks/search/?query=The%20Reformation&submit_search=Go"
283,History,"The Renaissance (Vol. 5)","Plutarch","https://www.gutenberg.org/ebooks/search/?query=The%20Renaissance&submit_search=Go"
284,History,"The Rise and Fall of the Third Reich (Vol. 7)","Sun Tzu","https://www.gutenberg.org/ebooks/search/?query=The%20Rise%20and%20Fall%20of%20the%20Third%20Reich&submit_search=Go"
285,History,"The Silk Roads (Vol. 3)","Herodotus","https://www.gutenberg.org/ebooks/search/?query=The%20Silk%20Roads&submit_search=Go"
286,History,"The State and Revolution","Classic Author","https://www.gutenberg.org/ebooks/search/?query=The%20State%20and%20Revolution&submit_search=Go"
287,History,"The Story of Mankind (Vol. 6)","Plutarch","https://www.gutenberg.org/ebooks/search/?query=The%20Story%20of%20Mankind&submit_search=Go"
288,History,"The Twelve Caesars (Vol. 4)","Sun Tzu","https://www.gutenberg.org/ebooks/search/?query=The%20Twelve%20Caesars&submit_search=Go"
289,Mystery,"Antony and Cleopatra","Classic Author","https://www.gutenberg.org/ebooks/search/?query=Antony%20and%20Cleopatra&submit_search=Go"
290,Mystery,"Imperialism the Highest Stage of Capitalism","Classic Author","https://www.gutenberg.org/ebooks/search/?query=Imperialism%20the%20Highest%20Stage%20of%20Capitalism&submit_search=Go"
291,Mystery,"Melmoth the Wanderer","Classic Author","https://www.gutenberg.org/ebooks/search/?query=Melmoth%20the%20Wanderer&submit_search=Go"
292,Mystery,"Sherlock Holmes","Arthur Conan Doyle","https://www.gutenberg.org/ebooks/search/?query=Sherlock%20Holmes&submit_search=Go"
293,Mystery,"The Birth of Tragedy","Classic Author","https://www.gutenberg.org/ebooks/search/?query=The%20Birth%20of%20Tragedy&submit_search=Go"
294,Mystery,"The House of Mirth","Classic Author","https://www.gutenberg.org/ebooks/search/?query=The%20House%20of%20Mirth&submit_search=Go"
295,Mystery,"The Monster","Classic Author","https://www.gutenberg.org/ebooks/search/?query=The%20Monster&submit_search=Go"
296,Mystery,"The Secret Agent","Classic Author","https://www.gutenberg.org/ebooks/search/?query=The%20Secret%20Agent&submit_search=Go"
297,Mystery,"Walden","Classic Author","https://www.gutenberg.org/ebooks/search/?query=Walden&submit_search=Go"
298,Politics,"Anarchy, State, and Utopia","Alexis de Tocqueville","https://www.gutenberg.org/ebooks/search/?query=Anarchy%2C%20State%2C%20and%20Utopia&submit_search=Go"
299,Politics,"Calculus of Consent (Vol. 2)","Thomas Paine","https://www.gutenberg.org/ebooks/search/?query=Calculus%20of%20Consent&submit_search=Go"
300,Politics,"Capitalism and Freedom (Vol. 4)","Niccolò Machiavelli","https://www.gutenberg.org/ebooks/search/?query=Capitalism%20and%20Freedom&submit_search=Go"
301,Politics,"Common Sense (Vol. 6)","Thomas Paine","https://www.gutenberg.org/ebooks/search/?query=Common%20Sense&submit_search=Go"
302,Politics,"Das Kapital (Vol. 7)","Plato","https://www.gutenberg.org/ebooks/search/?query=Das%20Kapital&submit_search=Go"
303,Politics,"Democracy in America (Vol. 8)","Thomas Paine","https://www.gutenberg.org/ebooks/search/?query=Democracy%20in%20America&submit_search=Go"
304,Politics,"Democracy: The God That Failed","Thomas Paine","https://www.gutenberg.org/ebooks/search/?query=Democracy%3A%20The%20God%20That%20Failed&submit_search=Go"
305,Politics,"Discourse on Inequality (Vol. 7)","Alexander Hamilton","https://www.gutenberg.org/ebooks/search/?query=Discourse%20on%20Inequality&submit_search=Go"
306,Politics,"Justice: What's the Right Thing to Do? (Vol. 7)","Niccolò Machiavelli","https://www.gutenberg.org/ebooks/search/?query=Justice%3A%20What's%20the%20Right%20Thing%20to%20Do%3F&submit_search=Go"
307,Politics,"Leviathan (Vol. 2)","Plato","https://www.gutenberg.org/ebooks/search/?query=Leviathan&submit_search=Go"
308,Politics,"Manufacturing Consent (Vol. 4)","Alexis de Tocqueville","https://www.gutenberg.org/ebooks/search/?query=Manufacturing%20Consent&submit_search=Go"
309,Politics,"On Liberty (Vol. 5)","Plato","https://www.gutenberg.org/ebooks/search/?query=On%20Liberty&submit_search=Go"
310,Politics,"On Revolution (Vol. 5)","Alexis de Tocqueville","https://www.gutenberg.org/ebooks/search/?query=On%20Revolution&submit_search=Go"
311,Politics,"On War","Niccolò Machiavelli","https://www.gutenberg.org/ebooks/search/?query=On%20War&submit_search=Go"
312,Politics,"Perpetual Peace (Vol. 8)","Alexander Hamilton","https://www.gutenberg.org/ebooks/search/?query=Perpetual%20Peace&submit_search=Go"
313,Politics,"Politics (Vol. 5)","Alexander Hamilton","https://www.gutenberg.org/ebooks/search/?query=Politics&submit_search=Go"
314,Politics,"Power and Market (Vol. 7)","Alexis de Tocqueville","https://www.gutenberg.org/ebooks/search/?query=Power%20and%20Market&submit_search=Go"
315,Politics,"Public Opinion (Vol. 3)","Thomas Paine","https://www.gutenberg.org/ebooks/search/?query=Public%20Opinion&submit_search=Go"
316,Politics,"Reflections on the Revolution in France (Vol. 8)","Plato","https://www.gutenberg.org/ebooks/search/?query=Reflections%20on%20the%20Revolution%20in%20France&submit_search=Go"
317,Politics,"Rights of Man (Vol. 2)","Alexander Hamilton","https://www.gutenberg.org/ebooks/search/?query=Rights%20of%20Man&submit_search=Go"
318,Politics,"The Clash of Civilizations (Vol. 3)","Alexis de Tocqueville","https://www.gutenberg.org/ebooks/search/?query=The%20Clash%20of%20Civilizations&submit_search=Go"
319,Politics,"The Communist Manifesto (Vol. 6)","Plato","https://www.gutenberg.org/ebooks/search/?query=The%20Communist%20Manifesto&submit_search=Go"
320,Politics,"The Concept of the Political (Vol. 5)","Niccolò Machiavelli","https://www.gutenberg.org/ebooks/search/?query=The%20Concept%20of%20the%20Political&submit_search=Go"
321,Politics,"The End of History and the Last Man (Vol. 2)","Alexis de Tocqueville","https://www.gutenberg.org/ebooks/search/?query=The%20End%20of%20History%20and%20the%20Last%20Man&submit_search=Go"
322,Politics,"The Federalist Papers (Vol. 7)","Thomas Paine","https://www.gutenberg.org/ebooks/search/?query=The%20Federalist%20Papers&submit_search=Go"
323,Politics,"The Human Condition (Vol. 6)","Niccolò Machiavelli","https://www.gutenberg.org/ebooks/search/?query=The%20Human%20Condition&submit_search=Go"
324,Politics,"The Open Society and Its Enemies (Vol. 2)","Niccolò Machiavelli","https://www.gutenberg.org/ebooks/search/?query=The%20Open%20Society%20and%20Its%20Enemies&submit_search=Go"
325,Politics,"The Origins of Totalitarianism (Vol. 6)","Alexis de Tocqueville","https://www.gutenberg.org/ebooks/search/?query=The%20Origins%20of%20Totalitarianism&submit_search=Go"
326,Politics,"The Prince (Vol. 5)","Thomas Paine","https://www.gutenberg.org/ebooks/search/?query=The%20Prince&submit_search=Go"
327,Politics,"The Republic","Plato","https://www.gutenberg.org/ebooks/search/?query=The%20Republic&submit_search=Go"
328,Politics,"The Road to Serfdom (Vol. 3)","Niccolò Machiavelli","https://www.gutenberg.org/ebooks/search/?query=The%20Road%20to%20Serfdom&submit_search=Go"
329,Politics,"The Second Treatise of Government (Vol. 4)","Alexander Hamilton","https://www.gutenberg.org/ebooks/search/?query=The%20Second%20Treatise%20of%20Government&submit_search=Go"
330,Politics,"The Social Contract (Vol. 4)","Plato","https://www.gutenberg.org/ebooks/search/?query=The%20Social%20Contract&submit_search=Go"
331,Politics,"The Spirit of the Laws (Vol. 6)","Alexander Hamilton","https://www.gutenberg.org/ebooks/search/?query=The%20Spirit%20of%20the%20Laws&submit_search=Go"
332,Politics,"The Wealth of Nations","Alexander Hamilton","https://www.gutenberg.org/ebooks/search/?query=The%20Wealth%20of%20Nations&submit_search=Go"
333,Politics,"Two Treatises of Government (Vol. 3)","Plato","https://www.gutenberg.org/ebooks/search/?query=Two%20Treatises%20of%20Government&submit_search=Go"
334,Politics,"Utopia (Vol. 3)","Alexander Hamilton","https://www.gutenberg.org/ebooks/search/?query=Utopia&submit_search=Go"
335,Romance,"A Night in Acadie","Classic Author","https://www.gutenberg.org/ebooks/search/?query=A%20Night%20in%20Acadie&submit_search=Go"
336,Romance,"A Room with a View (Vol. 3)","Louisa May Alcott","https://www.gutenberg.org/ebooks/search/?query=A%20Room%20with%20a%20View&submit_search=Go"
337,Romance,"A Sicilian Romance","Classic Author","https://www.gutenberg.org/ebooks/search/?query=A%20Sicilian%20Romance&submit_search=Go"
338,Romance,"Agnes Grey (Vol. 5)","Thomas Hardy","https://www.gutenberg.org/ebooks/search/?query=Agnes%20Grey&submit_search=Go"
339,Romance,"Anna Karenina (Vol. 7)","Charlotte Brontë","https://www.gutenberg.org/ebooks/search/?query=Anna%20Karenina&submit_search=Go"
340,Romance,"Capital","Classic Author","https://www.gutenberg.org/ebooks/search/?query=Capital&submit_search=Go"
341,Romance,"Doctor Zhivago","Charlotte Brontë","https://www.gutenberg.org/ebooks/search/?query=Doctor%20Zhivago&submit_search=Go"
342,Romance,"Eleanor & Park (Vol. 2)","Emily Brontë","https://www.gutenberg.org/ebooks/search/?query=Eleanor%20%26%20Park&submit_search=Go"
343,Romance,"Emma (Vol. 8)","Emily Brontë","https://www.gutenberg.org/ebooks/search/?query=Emma&submit_search=Go"
344,Romance,"Far from the Madding Crowd (Vol. 5)","Jane Austen","https://www.gutenberg.org/ebooks/search/?query=Far%20from%20the%20Madding%20Crowd&submit_search=Go"
345,Romance,"Gone with the Wind (Vol. 8)","Thomas Hardy","https://www.gutenberg.org/ebooks/search/?query=Gone%20with%20the%20Wind&submit_search=Go"
346,Romance,"Heart of Darkness","Classic Author","https://www.gutenberg.org/ebooks/search/?query=Heart%20of%20Darkness&submit_search=Go"
347,Romance,"Jane Eyre","Charlotte Brontë","https://www.gutenberg.org/ebooks/search/?query=Jane%20Eyre&submit_search=Go"
348,Romance,"Jane Eyre (Vol. 6)","Emily Brontë","https://www.gutenberg.org/ebooks/search/?query=Jane%20Eyre&submit_search=Go"
349,Romance,"Jane Eyre (Vol. 6)","Charlotte Brontë","https://www.gutenberg.org/ebooks/search/?query=Jane%20Eyre&submit_search=Go"
350,Romance,"Like Water for Chocolate (Vol. 4)","Louisa May Alcott","https://www.gutenberg.org/ebooks/search/?query=Like%20Water%20for%20Chocolate&submit_search=Go"
351,Romance,"Little Women (Vol. 4)","Jane Austen","https://www.gutenberg.org/ebooks/search/?query=Little%20Women&submit_search=Go"
352,Romance,"Love in the Time of Cholera","Louisa May Alcott","https://www.gutenberg.org/ebooks/search/?query=Love%20in%20the%20Time%20of%20Cholera&submit_search=Go"
353,Romance,"Mansfield Park (Vol. 2)","Jane Austen","https://www.gutenberg.org/ebooks/search/?query=Mansfield%20Park&submit_search=Go"
354,Romance,"Me Before You (Vol. 4)","Charlotte Brontë","https://www.gutenberg.org/ebooks/search/?query=Me%20Before%20You&submit_search=Go"
355,Romance,"Northanger Abbey (Vol. 3)","Jane Austen","https://www.gutenberg.org/ebooks/search/?query=Northanger%20Abbey&submit_search=Go"
356,Romance,"Outlander (Vol. 2)","Charlotte Brontë","https://www.gutenberg.org/ebooks/search/?query=Outlander&submit_search=Go"
357,Romance,"P.S. I Love You (Vol. 7)","Louisa May Alcott","https://www.gutenberg.org/ebooks/search/?query=P.S.%20I%20Love%20You&submit_search=Go"
358,Romance,"Persuasion","Jane Austen","https://www.gutenberg.org/ebooks/search/?query=Persuasion&submit_search=Go"
359,Romance,"Pride and Prejudice","Jane Austen","https://www.gutenberg.org/ebooks/search/?query=Pride%20and%20Prejudice&submit_search=Go"
360,Romance,"Pride and Prejudice (Vol. 4)","Emily Brontë","https://www.gutenberg.org/ebooks/search/?query=Pride%20and%20Prejudice&submit_search=Go"
361,Romance,"Rebecca (Vol. 7)","Thomas Hardy","https://www.gutenberg.org/ebooks/search/?query=Rebecca&submit_search=Go"
362,Romance,"Sense and Sensibility (Vol. 5)","Emily Brontë","https://www.gutenberg.org/ebooks/search/?query=Sense%20and%20Sensibility&submit_search=Go"
363,Romance,"Shirley (Vol. 3)","Thomas Hardy","https://www.gutenberg.org/ebooks/search/?query=Shirley&submit_search=Go"
364,Romance,"Suspense","Classic Author","https://www.gutenberg.org/ebooks/search/?query=Suspense&submit_search=Go"
365,Romance,"Tess of the d'Urbervilles (Vol. 6)","Jane Austen","https://www.gutenberg.org/ebooks/search/?query=Tess%20of%20the%20d'Urbervilles&submit_search=Go"
366,Romance,"The Age of Innocence (Vol. 8)","Jane Austen","https://www.gutenberg.org/ebooks/search/?query=The%20Age%20of%20Innocence&submit_search=Go"
367,Romance,"The Awakening (Vol. 6)","Thomas Hardy","https://www.gutenberg.org/ebooks/search/?query=The%20Awakening&submit_search=Go"
368,Romance,"The Bridges of Madison County (Vol. 6)","Louisa May Alcott","https://www.gutenberg.org/ebooks/search/?query=The%20Bridges%20of%20Madison%20County&submit_search=Go"
369,Romance,"The Fault in Our Stars","Emily Brontë","https://www.gutenberg.org/ebooks/search/?query=The%20Fault%20in%20Our%20Stars&submit_search=Go"
370,Romance,"The Federalist Papers","Classic Author","https://www.gutenberg.org/ebooks/search/?query=The%20Federalist%20Papers&submit_search=Go"
371,Romance,"The Great Gatsby","F. Scott Fitzgerald","https://www.gutenberg.org/ebooks/search/?query=The%20Great%20Gatsby&submit_search=Go"
372,Romance,"The House of Mirth","Thomas Hardy","https://www.gutenberg.org/ebooks/search/?query=The%20House%20of%20Mirth&submit_search=Go"
373,Romance,"The Merchant of Venice","Classic Author","https://www.gutenberg.org/ebooks/search/?query=The%20Merchant%20of%20Venice&submit_search=Go"
374,Romance,"The Notebook (Vol. 3)","Charlotte Brontë","https://www.gutenberg.org/ebooks/search/?query=The%20Notebook&submit_search=Go"
375,Romance,"The Princess Bride (Vol. 2)","Louisa May Alcott","https://www.gutenberg.org/ebooks/search/?query=The%20Princess%20Bride&submit_search=Go"
376,Romance,"The Return of the Native (Vol. 7)","Jane Austen","https://www.gutenberg.org/ebooks/search/?query=The%20Return%20of%20the%20Native&submit_search=Go"
377,Romance,"The Tenant of Wildfell Hall (Vol. 4)","Thomas Hardy","https://www.gutenberg.org/ebooks/search/?query=The%20Tenant%20of%20Wildfell%20Hall&submit_search=Go"
378,Romance,"The Thorn Birds (Vol. 5)","Louisa May Alcott","https://www.gutenberg.org/ebooks/search/?query=The%20Thorn%20Birds&submit_search=Go"
379,Romance,"The Time Traveler's Wife (Vol. 5)","Charlotte Brontë","https://www.gutenberg.org/ebooks/search/?query=The%20Time%20Traveler's%20Wife&submit_search=Go"
380,Romance,"Thus Spake Zarathustra","Classic Author","https://www.gutenberg.org/ebooks/search/?query=Thus%20Spake%20Zarathustra&submit_search=Go"
381,Romance,"Villette (Vol. 2)","Thomas Hardy","https://www.gutenberg.org/ebooks/search/?query=Villette&submit_search=Go"
382,Romance,"Wuthering Heights","Emily Brontë","https://www.gutenberg.org/ebooks/search/?query=Wuthering%20Heights&submit_search=Go"
383,Romance,"Wuthering Heights (Vol. 7)","Emily Brontë","https://www.gutenberg.org/ebooks/search/?query=Wuthering%20Heights&submit_search=Go"
384,Sci-Fi,"Common Sense","Classic Author","https://www.gutenberg.org/ebooks/search/?query=Common%20Sense&submit_search=Go"
385,Sci-Fi,"Daybreak","Classic Author","https://www.gutenberg.org/ebooks/search/?query=Daybreak&submit_search=Go"
386,Sci-Fi,"King Lear","Classic Author","https://www.gutenberg.org/ebooks/search/?query=King%20Lear&submit_search=Go"
387,Sci-Fi,"Nature","Classic Author","https://www.gutenberg.org/ebooks/search/?query=Nature&submit_search=Go"
388,Sci-Fi,"The Castle of Otranto","Classic Author","https://www.gutenberg.org/ebooks/search/?query=The%20Castle%20of%20Otranto&submit_search=Go"
389,Sci-Fi,"The Custom of the Country","Classic Author","https://www.gutenberg.org/ebooks/search/?query=The%20Custom%20of%20the%20Country&submit_search=Go"
390,Sci-Fi,"The Republic","Classic Author","https://www.gutenberg.org/ebooks/search/?query=The%20Republic&submit_search=Go"
391,Sci-Fi,"Youth","Classic Author","https://www.gutenberg.org/ebooks/search/?query=Youth&submit_search=Go"
392,Thriller,"Othello","Classic Author","https://www.gutenberg.org/ebooks/search/?query=Othello&submit_search=Go"
393,Thriller,"The Awakening","Classic Author","https://www.gutenberg.org/ebooks/search/?query=The%20Awakening&submit_search=Go"
394,Thriller,"The Ego and Its Own","Classic Author","https://www.gutenberg.org/ebooks/search/?query=The%20Ego%20and%20Its%20Own&submit_search=Go"
395,Thriller,"The Oversoul","Classic Author","https://www.gutenberg.org/ebooks/search/?query=The%20Oversoul&submit_search=Go"
396,Thriller,"The Prince","Classic Author","https://www.gutenberg.org/ebooks/search/?query=The%20Prince&submit_search=Go"
397,Thriller,"The Rescue","Classic Author","https://www.gutenberg.org/ebooks/search/?query=The%20Rescue&submit_search=Go"
398,Thriller,"The Rights of Man","Classic Author","https://www.gutenberg.org/ebooks/search/?query=The%20Rights%20of%20Man&submit_search=Go"
399,Thriller,"Vathek","Classic Author","https://www.gutenberg.org/ebooks/search/?query=Vathek&submit_search=Go"
400,Unknown Genre,"Test PDF Document","W3C","https://www.gutenberg.org/ebooks/search/?query=Test%20PDF%20Document&submit_search=Go"
